{"cameraMode":{"drawMode":0,"name":"Shaded","section":"Shading Mode"},"sceneLighting":false,"audioPlay":false,"sceneViewState":{"m_AlwaysRefresh":false,"showFog":true,"showSkybox":false,"showFlares":true,"showImageEffects":true,"showParticleSystems":true,"showVisualEffectGraphs":true,"m_FxEnabled":true},"in2DMode":false,"pivot":{"x":-0.10572195053100586,"y":0.8078492879867554,"z":2.2421107292175295},"rotation":{"x":-0.02100699581205845,"y":0.9316332936286926,"z":-0.05456290766596794,"w":-0.35866978764533999},"size":3.4048104286193849,"orthographic":false}