{"cameraMode":{"drawMode":0,"name":"Shaded","section":"Shading Mode"},"sceneLighting":true,"audioPlay":false,"sceneViewState":{"m_AlwaysRefresh":false,"showFog":true,"showSkybox":true,"showFlares":true,"showImageEffects":true,"showParticleSystems":true,"showVisualEffectGraphs":true,"m_FxEnabled":true},"in2DMode":false,"pivot":{"x":0.5067635774612427,"y":4.334073066711426,"z":1.3798627853393555},"rotation":{"x":-0.1501006931066513,"y":0.05425744131207466,"z":-0.008252788335084916,"w":-0.9871489405632019},"size":1.7472132444381714,"orthographic":false}