{"cameraMode":{"drawMode":0,"name":"Shaded","section":"Shading Mode"},"sceneLighting":true,"audioPlay":false,"sceneViewState":{"m_AlwaysRefresh":false,"showFog":true,"showSkybox":true,"showFlares":true,"showImageEffects":true,"showParticleSystems":true,"showVisualEffectGraphs":true,"m_FxEnabled":true},"in2DMode":false,"pivot":{"x":-0.8055319786071777,"y":-12.201847076416016,"z":-44.97386932373047},"rotation":{"x":-0.00348290684632957,"y":0.9891581535339356,"z":-0.14494726061820985,"w":-0.023746315389871599},"size":37.49409866333008,"orthographic":false}